combi_name,combi_url,performer_name,performer_url
アイロンヘッド,https://www.geireki.net/entertainers/5,辻井亮平,https://www.geireki.net/perfomers/1308
アイロンヘッド,https://www.geireki.net/entertainers/5,ナポリ,https://www.geireki.net/perfomers/2401
アインシュタイン,https://www.geireki.net/entertainers/6,稲田直樹,https://www.geireki.net/perfomers/210
アインシュタイン,https://www.geireki.net/entertainers/6,河井ゆずる,https://www.geireki.net/perfomers/561
アキナ,https://www.geireki.net/entertainers/23,秋山賢太,https://www.geireki.net/perfomers/34
アキナ,https://www.geireki.net/entertainers/23,山名文和,https://www.geireki.net/perfomers/2223
アンタッチャブル,https://www.geireki.net/entertainers/75,柴田英嗣,https://www.geireki.net/perfomers/957
アンタッチャブル,https://www.geireki.net/entertainers/75,山崎弘也,https://www.geireki.net/perfomers/2201
EXIT,https://www.geireki.net/entertainers/88,兼近大樹,https://www.geireki.net/perfomers/541
EXIT,https://www.geireki.net/entertainers/88,りんたろー。,https://www.geireki.net/perfomers/2348
囲碁将棋,https://www.geireki.net/entertainers/90,文田大介,https://www.geireki.net/perfomers/1805
囲碁将棋,https://www.geireki.net/entertainers/90,根建太一,https://www.geireki.net/perfomers/1551
インディアンス,https://www.geireki.net/entertainers/109,きむ,https://www.geireki.net/perfomers/647
インディアンス,https://www.geireki.net/entertainers/109,田渕章裕,https://www.geireki.net/perfomers/1250
ウーマンラッシュアワー,https://www.geireki.net/entertainers/117,中川パラダイス,https://www.geireki.net/perfomers/1422
ウーマンラッシュアワー,https://www.geireki.net/entertainers/117,村本大輔,https://www.geireki.net/perfomers/2089
ウエストランド,https://www.geireki.net/entertainers/121,河本太,https://www.geireki.net/perfomers/753
ウエストランド,https://www.geireki.net/entertainers/121,井口浩之,https://www.geireki.net/perfomers/128
おいでやすこが,https://www.geireki.net/entertainers/164,おいでやす小田,https://www.geireki.net/perfomers/324
おいでやすこが,https://www.geireki.net/entertainers/164,こがけん,https://www.geireki.net/perfomers/762
オードリー,https://www.geireki.net/entertainers/173,春日俊彰,https://www.geireki.net/perfomers/499
オードリー,https://www.geireki.net/entertainers/173,若林正恭,https://www.geireki.net/perfomers/2375
おぎやはぎ,https://www.geireki.net/entertainers/182,小木博明,https://www.geireki.net/perfomers/424
おぎやはぎ,https://www.geireki.net/entertainers/182,矢作兼,https://www.geireki.net/perfomers/2178
オジンオズボーン,https://www.geireki.net/entertainers/185,篠宮暁,https://www.geireki.net/perfomers/955
オジンオズボーン,https://www.geireki.net/entertainers/185,高松新一,https://www.geireki.net/perfomers/1176
オズワルド,https://www.geireki.net/entertainers/187,畠中悠,https://www.geireki.net/perfomers/1609
オズワルド,https://www.geireki.net/entertainers/187,伊藤 俊介,https://www.geireki.net/perfomers/2420
オリエンタルラジオ,https://www.geireki.net/entertainers/201,中田敦彦,https://www.geireki.net/perfomers/1438
オリエンタルラジオ,https://www.geireki.net/entertainers/201,藤森慎吾,https://www.geireki.net/perfomers/1786
ガクテンソク,https://www.geireki.net/entertainers/219,よじょう,https://www.geireki.net/perfomers/2319
ガクテンソク,https://www.geireki.net/entertainers/219,奥田修二,https://www.geireki.net/perfomers/427
カベポスター,https://www.geireki.net/entertainers/243,永見大吾,https://www.geireki.net/perfomers/2493
カベポスター,https://www.geireki.net/entertainers/243,浜田順平,https://www.geireki.net/perfomers/2494
かまいたち,https://www.geireki.net/entertainers/244,山内健司,https://www.geireki.net/perfomers/2186
かまいたち,https://www.geireki.net/entertainers/244,濱家隆一,https://www.geireki.net/perfomers/1637
カミナリ,https://www.geireki.net/entertainers/246,石田たくみ,https://www.geireki.net/perfomers/156
カミナリ,https://www.geireki.net/entertainers/246,竹内まなぶ,https://www.geireki.net/perfomers/1192
からし蓮根,https://www.geireki.net/entertainers/252,杉本青空,https://www.geireki.net/perfomers/1056
からし蓮根,https://www.geireki.net/entertainers/252,伊織,https://www.geireki.net/perfomers/2428
祇園,https://www.geireki.net/entertainers/270,木﨑太郎,https://www.geireki.net/perfomers/614
祇園,https://www.geireki.net/entertainers/270,櫻井健一朗,https://www.geireki.net/perfomers/878
きつね,https://www.geireki.net/entertainers/279,大津広次,https://www.geireki.net/perfomers/365
きつね,https://www.geireki.net/entertainers/279,淡路幸誠,https://www.geireki.net/perfomers/99
ギャロップ,https://www.geireki.net/entertainers/292,林健,https://www.geireki.net/perfomers/1654
ギャロップ,https://www.geireki.net/entertainers/292,毛利大亮,https://www.geireki.net/perfomers/2102
キュウ,https://www.geireki.net/entertainers/296,清水 誠,https://www.geireki.net/perfomers/2429
キュウ,https://www.geireki.net/entertainers/296,ぴろ,https://www.geireki.net/perfomers/2430
麒麟,https://www.geireki.net/entertainers/300,川島明,https://www.geireki.net/perfomers/570
麒麟,https://www.geireki.net/entertainers/300,田村裕,https://www.geireki.net/perfomers/1261
キングコング,https://www.geireki.net/entertainers/305,梶原雄太,https://www.geireki.net/perfomers/495
キングコング,https://www.geireki.net/entertainers/305,西野亮廣,https://www.geireki.net/perfomers/1530
銀シャリ,https://www.geireki.net/entertainers/308,橋本直,https://www.geireki.net/perfomers/1596
銀シャリ,https://www.geireki.net/entertainers/308,鰻和弘,https://www.geireki.net/perfomers/289
金属バット,https://www.geireki.net/entertainers/309,小林圭輔,https://www.geireki.net/perfomers/792
金属バット,https://www.geireki.net/entertainers/309,友保隼平,https://www.geireki.net/perfomers/1392
くらげ,https://www.geireki.net/entertainers/328,杉 昇,https://www.geireki.net/perfomers/2852
くらげ,https://www.geireki.net/entertainers/328,渡辺 翔太,https://www.geireki.net/perfomers/2853
くりぃむしちゅー,https://www.geireki.net/entertainers/330,有田哲平,https://www.geireki.net/perfomers/92
くりぃむしちゅー,https://www.geireki.net/entertainers/330,上田晋也,https://www.geireki.net/perfomers/262
コウテイ,https://www.geireki.net/entertainers/360,九条 ジョー,https://www.geireki.net/perfomers/2529
コウテイ,https://www.geireki.net/entertainers/360,下田 真生,https://www.geireki.net/perfomers/2528
コマンダンテ,https://www.geireki.net/entertainers/377,安田ファニー,https://www.geireki.net/perfomers/2533
コマンダンテ,https://www.geireki.net/entertainers/377,石井輝明,https://www.geireki.net/perfomers/2534
さや香,https://www.geireki.net/entertainers/437,石井,https://www.geireki.net/perfomers/2421
さや香,https://www.geireki.net/entertainers/437,新山,https://www.geireki.net/perfomers/2422
さらば青春の光,https://www.geireki.net/entertainers/441,東ブクロ,https://www.geireki.net/perfomers/1697
さらば青春の光,https://www.geireki.net/entertainers/441,森田哲矢,https://www.geireki.net/perfomers/2124
三四郎,https://www.geireki.net/entertainers/447,相田周二,https://www.geireki.net/perfomers/7
三四郎,https://www.geireki.net/entertainers/447,小宮浩信,https://www.geireki.net/perfomers/810
サンドウィッチマン,https://www.geireki.net/entertainers/452,伊達みきお,https://www.geireki.net/perfomers/1221
サンドウィッチマン,https://www.geireki.net/entertainers/452,富澤たけし,https://www.geireki.net/perfomers/1384
三拍子,https://www.geireki.net/entertainers/455,高倉陵,https://www.geireki.net/perfomers/1159
三拍子,https://www.geireki.net/entertainers/455,久保孝真,https://www.geireki.net/perfomers/689
シシガシラ,https://www.geireki.net/entertainers/472,浜中英昌,https://www.geireki.net/perfomers/1646
シシガシラ,https://www.geireki.net/entertainers/472,脇田,https://www.geireki.net/perfomers/2985
磁石,https://www.geireki.net/entertainers/474,佐々木優介,https://www.geireki.net/perfomers/890
磁石,https://www.geireki.net/entertainers/474,永沢たかし,https://www.geireki.net/perfomers/1425
しずる,https://www.geireki.net/entertainers/475,池田一真,https://www.geireki.net/perfomers/133
しずる,https://www.geireki.net/entertainers/475,村上純,https://www.geireki.net/perfomers/2075
霜降り明星,https://www.geireki.net/entertainers/490,せいや,https://www.geireki.net/perfomers/1096
霜降り明星,https://www.geireki.net/entertainers/490,粗品,https://www.geireki.net/perfomers/1129
ジャルジャル,https://www.geireki.net/entertainers/503,後藤淳平,https://www.geireki.net/perfomers/779
ジャルジャル,https://www.geireki.net/entertainers/503,福徳秀介,https://www.geireki.net/perfomers/1765
真空ジェシカ,https://www.geireki.net/entertainers/537,川北 茂澄,https://www.geireki.net/perfomers/2563
真空ジェシカ,https://www.geireki.net/entertainers/537,ガク,https://www.geireki.net/perfomers/2564
スーパーマラドーナ,https://www.geireki.net/entertainers/550,武智,https://www.geireki.net/perfomers/1202
スーパーマラドーナ,https://www.geireki.net/entertainers/550,田中一彦,https://www.geireki.net/perfomers/1226
スピードワゴン,https://www.geireki.net/entertainers/579,井戸田潤,https://www.geireki.net/perfomers/208
スピードワゴン,https://www.geireki.net/entertainers/579,小沢一敬,https://www.geireki.net/perfomers/437
スリムクラブ,https://www.geireki.net/entertainers/586,内間政成,https://www.geireki.net/perfomers/277
スリムクラブ,https://www.geireki.net/entertainers/586,真栄田賢,https://www.geireki.net/perfomers/1890
セルライトスパ,https://www.geireki.net/entertainers/597,肥後裕之,https://www.geireki.net/perfomers/1705
セルライトスパ,https://www.geireki.net/entertainers/597,大須賀 健剛,https://www.geireki.net/perfomers/2444
ダイアン,https://www.geireki.net/entertainers/609,津田篤宏,https://www.geireki.net/perfomers/1312
ダイアン,https://www.geireki.net/entertainers/609,ユースケ,https://www.geireki.net/perfomers/2247
ダイタク,https://www.geireki.net/entertainers/614,吉本拓,https://www.geireki.net/perfomers/2317
ダイタク,https://www.geireki.net/entertainers/614,吉本大,https://www.geireki.net/perfomers/2316
タイムキーパー,https://www.geireki.net/entertainers/621,ひでき,https://www.geireki.net/perfomers/2880
タイムキーパー,https://www.geireki.net/entertainers/621,まつい あきら,https://www.geireki.net/perfomers/2881
タイムマシーン3号,https://www.geireki.net/entertainers/624,関太,https://www.geireki.net/perfomers/1102
タイムマシーン3号,https://www.geireki.net/entertainers/624,山本浩司,https://www.geireki.net/perfomers/2228
ダイヤモンド,https://www.geireki.net/entertainers/625,小野竜輔,https://www.geireki.net/perfomers/456
ダイヤモンド,https://www.geireki.net/entertainers/625,野澤 輸出,https://www.geireki.net/perfomers/2644
ダウンタウン,https://www.geireki.net/entertainers/629,浜田雅功,https://www.geireki.net/perfomers/1642
ダウンタウン,https://www.geireki.net/entertainers/629,松本人志,https://www.geireki.net/perfomers/1972
たくろう,https://www.geireki.net/entertainers/634,赤木裕,https://www.geireki.net/perfomers/2526
たくろう,https://www.geireki.net/entertainers/634,きむらバンド,https://www.geireki.net/perfomers/2527
ダブルアート,https://www.geireki.net/entertainers/648,タグ,https://www.geireki.net/perfomers/2582
ダブルアート,https://www.geireki.net/entertainers/648,真べぇ,https://www.geireki.net/perfomers/2583
男性ブランコ,https://www.geireki.net/entertainers/674,浦井のりひろ,https://www.geireki.net/perfomers/2499
男性ブランコ,https://www.geireki.net/entertainers/674,平井まさあき,https://www.geireki.net/perfomers/2500
ダンビラムーチョ,https://www.geireki.net/entertainers/677,大原優一,https://www.geireki.net/perfomers/377
ダンビラムーチョ,https://www.geireki.net/entertainers/677,原田フニャオ,https://www.geireki.net/perfomers/1669
チーモンチョーチュウ,https://www.geireki.net/entertainers/679,菊地浩輔,https://www.geireki.net/perfomers/609
チーモンチョーチュウ,https://www.geireki.net/entertainers/679,白井鉄也,https://www.geireki.net/perfomers/1027
千鳥,https://www.geireki.net/entertainers/685,大悟,https://www.geireki.net/perfomers/1140
千鳥,https://www.geireki.net/entertainers/685,ノブ,https://www.geireki.net/perfomers/1562
チュートリアル,https://www.geireki.net/entertainers/700,徳井義実,https://www.geireki.net/perfomers/1364
チュートリアル,https://www.geireki.net/entertainers/700,福田充徳,https://www.geireki.net/perfomers/1764
ツートライブ,https://www.geireki.net/entertainers/714,たかのり,https://www.geireki.net/perfomers/2764
ツートライブ,https://www.geireki.net/entertainers/714,周平魂,https://www.geireki.net/perfomers/2765
ツービート,https://www.geireki.net/entertainers/717,ビートきよし,https://www.geireki.net/perfomers/1690
ツービート,https://www.geireki.net/entertainers/717,ビートたけし,https://www.geireki.net/perfomers/1691
ティーアップ,https://www.geireki.net/entertainers/724,長谷川宏,https://www.geireki.net/perfomers/1602
天竺鼠,https://www.geireki.net/entertainers/748,川原克己,https://www.geireki.net/perfomers/582
天竺鼠,https://www.geireki.net/entertainers/748,瀬下豊,https://www.geireki.net/perfomers/1111
東京ダイナマイト,https://www.geireki.net/entertainers/759,ハチミツ二郎,https://www.geireki.net/perfomers/1610
東京ダイナマイト,https://www.geireki.net/entertainers/759,松田大輔,https://www.geireki.net/perfomers/1950
東京ホテイソン,https://www.geireki.net/entertainers/761,ショーゴ,https://www.geireki.net/perfomers/1012
東京ホテイソン,https://www.geireki.net/entertainers/761,たける,https://www.geireki.net/perfomers/1207
トータルテンボス,https://www.geireki.net/entertainers/764,大村朋宏,https://www.geireki.net/perfomers/386
トータルテンボス,https://www.geireki.net/entertainers/764,藤田憲右,https://www.geireki.net/perfomers/1780
トット,https://www.geireki.net/entertainers/773,多田智佑,https://www.geireki.net/perfomers/1215
トット,https://www.geireki.net/entertainers/773,桑原雅人,https://www.geireki.net/perfomers/722
トム・ブラウン,https://www.geireki.net/entertainers/780,布川ひろき,https://www.geireki.net/perfomers/1546
トム・ブラウン,https://www.geireki.net/entertainers/780,みちお,https://www.geireki.net/perfomers/2014
トレンディエンジェル,https://www.geireki.net/entertainers/793,斎藤司,https://www.geireki.net/perfomers/849
トレンディエンジェル,https://www.geireki.net/entertainers/793,たかし,https://www.geireki.net/perfomers/1164
とろサーモン,https://www.geireki.net/entertainers/794,村田秀亮,https://www.geireki.net/perfomers/2087
とろサーモン,https://www.geireki.net/entertainers/794,久保田かずのぶ,https://www.geireki.net/perfomers/690
ナイチンゲールダンス,https://www.geireki.net/entertainers/802,中野なかるてぃん,https://www.geireki.net/perfomers/2530
ナイチンゲールダンス,https://www.geireki.net/entertainers/802,ヤス,https://www.geireki.net/perfomers/2531
ナイツ,https://www.geireki.net/entertainers/803,土屋伸之,https://www.geireki.net/perfomers/1316
ナイツ,https://www.geireki.net/entertainers/803,塙宣之,https://www.geireki.net/perfomers/1632
中川家,https://www.geireki.net/entertainers/806,中川剛,https://www.geireki.net/perfomers/1421
中川家,https://www.geireki.net/entertainers/806,中川礼二,https://www.geireki.net/perfomers/1423
流れ星☆,https://www.geireki.net/entertainers/814,ちゅうえい,https://www.geireki.net/perfomers/1292
流れ星☆,https://www.geireki.net/entertainers/814,たきうえ,https://www.geireki.net/perfomers/1182
なすなかにし,https://www.geireki.net/entertainers/815,中西茂樹,https://www.geireki.net/perfomers/1451
なすなかにし,https://www.geireki.net/entertainers/815,那須晃行,https://www.geireki.net/perfomers/1483
ななまがり,https://www.geireki.net/entertainers/817,森下 直人,https://www.geireki.net/perfomers/2591
ななまがり,https://www.geireki.net/entertainers/817,初瀬 悠太,https://www.geireki.net/perfomers/2592
錦鯉,https://www.geireki.net/entertainers/830,長谷川雅紀,https://www.geireki.net/perfomers/1603
錦鯉,https://www.geireki.net/entertainers/830,渡辺隆,https://www.geireki.net/perfomers/2387
ニッポンの社長,https://www.geireki.net/entertainers/839,辻,https://www.geireki.net/perfomers/2431
ニッポンの社長,https://www.geireki.net/entertainers/839,ケツ,https://www.geireki.net/perfomers/2432
ニューヨーク,https://www.geireki.net/entertainers/842,嶋佐和也,https://www.geireki.net/perfomers/962
ニューヨーク,https://www.geireki.net/entertainers/842,屋敷裕政,https://www.geireki.net/perfomers/2144
NON STYLE,https://www.geireki.net/entertainers/863,石田明,https://www.geireki.net/perfomers/154
NON STYLE,https://www.geireki.net/entertainers/863,井上裕介,https://www.geireki.net/perfomers/218
博多華丸・大吉,https://www.geireki.net/entertainers/878,博多大吉,https://www.geireki.net/perfomers/1581
博多華丸・大吉,https://www.geireki.net/entertainers/878,博多華丸,https://www.geireki.net/perfomers/1582
馬鹿よ貴方は,https://www.geireki.net/entertainers/880,新道竜巳,https://www.geireki.net/perfomers/1043
馬鹿よ貴方は,https://www.geireki.net/entertainers/880,平井“ファラオ”光,https://www.geireki.net/perfomers/1732
爆笑問題,https://www.geireki.net/entertainers/885,太田光,https://www.geireki.net/perfomers/352
爆笑問題,https://www.geireki.net/entertainers/885,田中裕二,https://www.geireki.net/perfomers/1236
鼻エンジン,https://www.geireki.net/entertainers/902,村田渚,https://www.geireki.net/perfomers/2085
ハライチ,https://www.geireki.net/entertainers/917,岩井勇気,https://www.geireki.net/perfomers/238
ハライチ,https://www.geireki.net/entertainers/917,澤部佑,https://www.geireki.net/perfomers/919
ハリガネロック,https://www.geireki.net/entertainers/919,ユウキロック,https://www.geireki.net/perfomers/2243
ハリガネロック,https://www.geireki.net/entertainers/919,大上邦博,https://www.geireki.net/perfomers/331
パンクブーブー,https://www.geireki.net/entertainers/932,黒瀬純,https://www.geireki.net/perfomers/712
パンクブーブー,https://www.geireki.net/entertainers/932,佐藤哲夫,https://www.geireki.net/perfomers/903
B&B,https://www.geireki.net/entertainers/940,島田洋七,https://www.geireki.net/perfomers/971
B&B,https://www.geireki.net/entertainers/940,島田洋八,https://www.geireki.net/perfomers/972
フースーヤ,https://www.geireki.net/entertainers/997,田中ショータイム,https://www.geireki.net/perfomers/2413
フースーヤ,https://www.geireki.net/entertainers/997,谷口 理,https://www.geireki.net/perfomers/2414
風藤松原,https://www.geireki.net/entertainers/998,風藤康二,https://www.geireki.net/perfomers/1751
風藤松原,https://www.geireki.net/entertainers/998,松原義和,https://www.geireki.net/perfomers/1960
フットボールアワー,https://www.geireki.net/entertainers/1011,岩尾望,https://www.geireki.net/perfomers/239
フットボールアワー,https://www.geireki.net/entertainers/1011,後藤輝基,https://www.geireki.net/perfomers/781
プラス・マイナス,https://www.geireki.net/entertainers/1019,岩橋良昌,https://www.geireki.net/perfomers/245
プラス・マイナス,https://www.geireki.net/entertainers/1019,兼光タカシ,https://www.geireki.net/perfomers/542
ブラックマヨネーズ,https://www.geireki.net/entertainers/1023,小杉竜一,https://www.geireki.net/perfomers/774
ブラックマヨネーズ,https://www.geireki.net/entertainers/1023,吉田敬,https://www.geireki.net/perfomers/2300
ぺこぱ,https://www.geireki.net/entertainers/1058,シュウペイ,https://www.geireki.net/perfomers/1003
ぺこぱ,https://www.geireki.net/entertainers/1058,松陰寺太勇,https://www.geireki.net/perfomers/1011
ますだおかだ,https://www.geireki.net/entertainers/1116,岡田圭右,https://www.geireki.net/perfomers/399
ますだおかだ,https://www.geireki.net/entertainers/1116,増田英彦,https://www.geireki.net/perfomers/1917
マヂカルラブリー,https://www.geireki.net/entertainers/1118,野田クリスタル,https://www.geireki.net/perfomers/1558
マヂカルラブリー,https://www.geireki.net/entertainers/1118,村上,https://www.geireki.net/perfomers/2073
ママタルト,https://www.geireki.net/entertainers/1132,檜原 洋平,https://www.geireki.net/perfomers/2486
ママタルト,https://www.geireki.net/entertainers/1132,大鶴 肥満,https://www.geireki.net/perfomers/2487
マユリカ,https://www.geireki.net/entertainers/1134,阪本,https://www.geireki.net/perfomers/2981
マユリカ,https://www.geireki.net/entertainers/1134,中谷,https://www.geireki.net/perfomers/2982
マルセイユ,https://www.geireki.net/entertainers/1137,津田康平,https://www.geireki.net/perfomers/1313
マルセイユ,https://www.geireki.net/entertainers/1137,別府貴之,https://www.geireki.net/perfomers/2661
ミキ,https://www.geireki.net/entertainers/1148,亜生,https://www.geireki.net/perfomers/54
ミキ,https://www.geireki.net/entertainers/1148,昴生,https://www.geireki.net/perfomers/745
見取り図,https://www.geireki.net/entertainers/1154,リリー,https://www.geireki.net/perfomers/2345
見取り図,https://www.geireki.net/entertainers/1154,盛山晋太郎,https://www.geireki.net/perfomers/2132
宮下草薙,https://www.geireki.net/entertainers/1157,草薙航基,https://www.geireki.net/perfomers/676
宮下草薙,https://www.geireki.net/entertainers/1157,宮下兼史鷹,https://www.geireki.net/perfomers/2052
ミルクボーイ,https://www.geireki.net/entertainers/1163,内海崇,https://www.geireki.net/perfomers/285
ミルクボーイ,https://www.geireki.net/entertainers/1163,駒場孝,https://www.geireki.net/perfomers/808
メンバー,https://www.geireki.net/entertainers/1177,山口 提樹,https://www.geireki.net/perfomers/3124
メンバー,https://www.geireki.net/entertainers/1177,潮 圭太,https://www.geireki.net/perfomers/3125
モグライダー,https://www.geireki.net/entertainers/1178,芝 大輔,https://www.geireki.net/perfomers/2445
モグライダー,https://www.geireki.net/entertainers/1178,ともしげ,https://www.geireki.net/perfomers/2446
もも,https://www.geireki.net/entertainers/1188,せめる。,https://www.geireki.net/perfomers/2495
もも,https://www.geireki.net/entertainers/1188,まもる。,https://www.geireki.net/perfomers/2496
モンスターエンジン,https://www.geireki.net/entertainers/1191,西森洋一,https://www.geireki.net/perfomers/1540
モンスターエンジン,https://www.geireki.net/entertainers/1191,大林健二,https://www.geireki.net/perfomers/376
ヤーレンズ,https://www.geireki.net/entertainers/1194,楢原真樹,https://www.geireki.net/perfomers/1500
ヤーレンズ,https://www.geireki.net/entertainers/1194,出井準之介,https://www.geireki.net/perfomers/1331
夢路いとし・喜味こいし,https://www.geireki.net/entertainers/1224,喜味こいし,https://www.geireki.net/perfomers/642
夢路いとし・喜味こいし,https://www.geireki.net/entertainers/1224,夢路いとし,https://www.geireki.net/perfomers/2265
吉田たち,https://www.geireki.net/entertainers/1234,ゆうへい,https://www.geireki.net/perfomers/2254
吉田たち,https://www.geireki.net/entertainers/1234,こうへい,https://www.geireki.net/perfomers/750
ランジャタイ,https://www.geireki.net/entertainers/1257,伊藤 幸司,https://www.geireki.net/perfomers/2452
ランジャタイ,https://www.geireki.net/entertainers/1257,国崎 和也,https://www.geireki.net/perfomers/2453
リニア,https://www.geireki.net/entertainers/1272,酒井啓太,https://www.geireki.net/perfomers/856
リニア,https://www.geireki.net/entertainers/1272,しょうへい,https://www.geireki.net/perfomers/521
令和ロマン,https://www.geireki.net/entertainers/1285,髙比良 くるま,https://www.geireki.net/perfomers/2517
令和ロマン,https://www.geireki.net/entertainers/1285,松井 ケムリ,https://www.geireki.net/perfomers/2518
ロングコートダディ,https://www.geireki.net/entertainers/1312,堂前 透,https://www.geireki.net/perfomers/2508
ロングコートダディ,https://www.geireki.net/entertainers/1312,兎,https://www.geireki.net/perfomers/2509
和牛,https://www.geireki.net/entertainers/1325,川西賢志郎,https://www.geireki.net/perfomers/579
和牛,https://www.geireki.net/entertainers/1325,水田信二,https://www.geireki.net/perfomers/2003
笑い飯,https://www.geireki.net/entertainers/1328,哲夫,https://www.geireki.net/perfomers/1453
笑い飯,https://www.geireki.net/entertainers/1328,西田幸治,https://www.geireki.net/perfomers/1526
尼神インター,https://www.geireki.net/entertainers/1355,誠子,https://www.geireki.net/perfomers/1094
尼神インター,https://www.geireki.net/entertainers/1355,ナ酒渚,https://www.geireki.net/perfomers/1481
海原千里・万里,https://www.geireki.net/entertainers/1366,海原万里,https://www.geireki.net/perfomers/294
海原千里・万里,https://www.geireki.net/entertainers/1366,上沼恵美子,https://www.geireki.net/perfomers/552
海原やすよ・ともこ,https://www.geireki.net/entertainers/1367,海原ともこ,https://www.geireki.net/perfomers/292
海原やすよ・ともこ,https://www.geireki.net/entertainers/1367,海原やすよ,https://www.geireki.net/perfomers/295
Aマッソ,https://www.geireki.net/entertainers/1373,加納愛子,https://www.geireki.net/perfomers/545
Aマッソ,https://www.geireki.net/entertainers/1373,むらきゃみ,https://www.geireki.net/perfomers/2441
TEAM BANANA,https://www.geireki.net/entertainers/1440,藤本友美,https://www.geireki.net/perfomers/1791
TEAM BANANA,https://www.geireki.net/entertainers/1440,山田愛実,https://www.geireki.net/perfomers/2220
にぼしいわし,https://www.geireki.net/entertainers/1466,香空にぼし,https://www.geireki.net/perfomers/3082
にぼしいわし,https://www.geireki.net/entertainers/1466,伽説いわし,https://www.geireki.net/perfomers/3083
紅しょうが,https://www.geireki.net/entertainers/1505,熊元プロレス,https://www.geireki.net/perfomers/699
紅しょうが,https://www.geireki.net/entertainers/1505,稲田美紀,https://www.geireki.net/perfomers/211
相席スタート,https://www.geireki.net/entertainers/1539,山崎ケイ,https://www.geireki.net/perfomers/2198
相席スタート,https://www.geireki.net/entertainers/1539,山添寛,https://www.geireki.net/perfomers/2207
納言,https://www.geireki.net/entertainers/1594,薄幸,https://www.geireki.net/perfomers/1073
納言,https://www.geireki.net/entertainers/1594,安部紀克,https://www.geireki.net/perfomers/76
南海キャンディーズ,https://www.geireki.net/entertainers/1595,山崎静代,https://www.geireki.net/perfomers/2199
南海キャンディーズ,https://www.geireki.net/entertainers/1595,山里亮太,https://www.geireki.net/perfomers/2205
メイプル超合金,https://www.geireki.net/entertainers/1624,安藤なつ,https://www.geireki.net/perfomers/104
メイプル超合金,https://www.geireki.net/entertainers/1624,カズレーザー,https://www.geireki.net/perfomers/503
ゆにばーす,https://www.geireki.net/entertainers/1628,川瀬名人,https://www.geireki.net/perfomers/574
ゆにばーす,https://www.geireki.net/entertainers/1628,はら,https://www.geireki.net/perfomers/2433
ラランド,https://www.geireki.net/entertainers/1635,サーヤ,https://www.geireki.net/perfomers/840
ラランド,https://www.geireki.net/entertainers/1635,ニシダ,https://www.geireki.net/perfomers/1523
ヨネダ2000,https://www.geireki.net/entertainers/2975,清水 亜真音,https://www.geireki.net/perfomers/2469
ヨネダ2000,https://www.geireki.net/entertainers/2975,愛,https://www.geireki.net/perfomers/2470
ぎょうぶ,https://www.geireki.net/entertainers/3069,為国,https://www.geireki.net/perfomers/2848
ぎょうぶ,https://www.geireki.net/entertainers/3069,澤畑 健二,https://www.geireki.net/perfomers/2849
エバース,https://www.geireki.net/entertainers/3070,佐々木 隆史,https://www.geireki.net/perfomers/2850
エバース,https://www.geireki.net/entertainers/3070,町田 和樹,https://www.geireki.net/perfomers/2851
ぼる塾,https://www.geireki.net/entertainers/2970,あんり,https://www.geireki.net/perfomers/114
ぼる塾,https://www.geireki.net/entertainers/2970,きりやはるか,https://www.geireki.net/perfomers/670
ぼる塾,https://www.geireki.net/entertainers/2970,酒寄希望,https://www.geireki.net/perfomers/870
ぼる塾,https://www.geireki.net/entertainers/2970,田辺智加,https://www.geireki.net/perfomers/1238
四千頭身,https://www.geireki.net/entertainers/1837,後藤拓実,https://www.geireki.net/perfomers/780
四千頭身,https://www.geireki.net/entertainers/1837,都築拓紀,https://www.geireki.net/perfomers/1318
四千頭身,https://www.geireki.net/entertainers/1837,石橋遼大,https://www.geireki.net/perfomers/172
陣内智則,https://www.geireki.net/entertainers/2300,陣内智則,https://www.geireki.net/perfomers/1041
島田紳助,https://www.geireki.net/entertainers/2261,島田紳助,https://www.geireki.net/perfomers/968
